[
  {
    "title": "Choosing the Right Lining for Luxury Garments",
    "excerpt": "Three quick tips to pair lining with outer fabrics for comfort and drape.",
    "date": "2025-08-28"
  },
  {
    "title": "Silk Care 101: Keep Your Shine",
    "excerpt": "How to wash, steam and store silk without losing luster.",
    "date": "2025-08-14"
  },
  {
    "title": "Weaves Explained: Twill vs. Satin vs. Plain",
    "excerpt": "A simple guide for designers when selecting structure.",
    "date": "2025-07-30"
  }
]