[
  {
    "id": "silk-noir",
    "name": "Mulberry Silk \u2014 Noir",
    "price": 420.0,
    "unit": "per metre",
    "category": "Silk",
    "color": "Black",
    "featured": true
  },
  {
    "id": "linen-sand",
    "name": "Belgian Linen \u2014 Sand",
    "price": 240.0,
    "unit": "per metre",
    "category": "Linen",
    "color": "Beige",
    "featured": true
  },
  {
    "id": "cotton-ivory",
    "name": "Egyptian Cotton \u2014 Ivory",
    "price": 180.0,
    "unit": "per metre",
    "category": "Cotton",
    "color": "Ivory",
    "featured": false
  },
  {
    "id": "upholstery-moss",
    "name": "Textured Upholstery \u2014 Moss",
    "price": 320.0,
    "unit": "per metre",
    "category": "Upholstery",
    "color": "Green",
    "featured": true
  },
  {
    "id": "silk-azure",
    "name": "Mulberry Silk \u2014 Azure",
    "price": 420.0,
    "unit": "per metre",
    "category": "Silk",
    "color": "Blue",
    "featured": false
  },
  {
    "id": "linen-slate",
    "name": "Belgian Linen \u2014 Slate",
    "price": 255.0,
    "unit": "per metre",
    "category": "Linen",
    "color": "Gray",
    "featured": false
  }
]